State	City
Alabama	Albertville
Alabama	Anniston
Alabama	Athens
Alabama	Auburn
Alabama	Bessemer
Alabama	Birmingham
Alabama	Center Point
Alabama	Cullman
Alabama	Daphne
Alabama	Decatur
Alabama	Dothan
Alabama	Enterprise
Alabama	Fairhope
Alabama	Florence
Alabama	Foley
Alabama	Gadsden
Alabama	Helena
Alabama	Homewood
Alabama	Hueytown
Alabama	Huntsville
Alabama	Milbrook
Alabama	Mobile
Alabama	Montgomery
Alabama	Mountain Brook
Alabama	Northport
Alabama	Opelika
Alabama	Oxford
Alabama	Pelham
Alabama	Phenix City
Alabama	Prichard
Alabama	Selma
Alabama	Talladega
Alabama	Tilmans Corner
Alabama	Troy
Alabama	Trussville
Alabama	Tuscaloosa
Arizona	 Apache Junction
Arizona	Anthem
Arizona	Apache Junction
Arizona	Avondale
Arizona	Buckeye
Arizona	Casa Grande
Arizona	Casas Adobes
Arizona	Douglas
Arizona	Drexel Heights
Arizona	El Mirage
Arizona	Eloy
Arizona	Flagstaff
Arizona	Florence
Arizona	Flowing Wells
Arizona	Fortuna Foothills
Arizona	Fountain Hills
Arizona	Glendale
Arizona	Green Valley
Arizona	Kingman
Arizona	Lake Havasu City
Arizona	Marana
Arizona	Maricopa
Arizona	Mesa
Arizona	New River
Arizona	Nogales
Arizona	Payson
Arizona	Phoenix
Arizona	Prescott
Arizona	Prescott Valley
Arizona	Queen Creek
Arizona	Rio Rico
Arizona	Sahuarita
Arizona	Scottsdale
Arizona	Sierra Vista
Arizona	Somerton
Arizona	Sun City West
Arizona	Surprise
Arizona	Tanque Verde
Arizona	Tempe
Arizona	Tucson
Arizona	Yuma
Arkansas	 Jacksonville
Arkansas	Bella Vista
Arkansas	Bentonville
Arkansas	Bryant
Arkansas	Cabot
Arkansas	El Dorado Hills
Arkansas	Fayetteville
Arkansas	Fort Smith
Arkansas	Hot Springs
Arkansas	Jonesboro
Arkansas	Little Rock
Arkansas	Maumelle
Arkansas	North Little Rock
Arkansas	Paragould
Arkansas	Pine Bluff
Arkansas	Rogers
Arkansas	Russellville
Arkansas	Searcy
Arkansas	Siloam Springs
Arkansas	Springdale
Arkansas	Texarkana
Arkansas	Van Buren
Arkansas	West Memphis
California	 Artesia
California	 Casa de Oro-Mount Helix
California	 Castaic
California	 Corcoran
California	 Coronado
California	 East Rancho Dominguez
California	 Eureka
California	 Granite Bay
California	 Imperial
California	 South El Monte
California	Adelanto
California	Agoura Hills
California	Alameda
California	Alamo
California	Albany
California	Alhambra
California	Aliso Viejo
California	Altadena
California	American Canyon
California	Anaheim
California	Antelope
California	Apple Valley
California	Arcadia
California	Arcata
California	Arden-Arcade
California	Arroyo Grande
California	Arvin
California	Ashland
California	Atascadero
California	Atwater
California	Avocado Heights
California	Azusa
California	Bakersfield
California	Baldwin Park
California	Banning
California	Barstow
California	Bay Point
California	Beaumont
California	Bell
California	Bell Gardens
California	Belmont
California	Benicia
California	Berkeley
California	Beverly Hills
California	Bloomington
California	Blythe
California	Bostonia
California	Brawley
California	Brea
California	Brentwood
California	Buena Park
California	Burbank
California	Calabasas
California	Calexico
California	Camarillo
California	Cameron Park
California	Campbell
California	Carlsbad
California	Carson
California	Castro Valley
California	Cathedral City
California	Ceres
California	Cerritos
California	Cherryland
California	Chico
California	Chino
California	Chino Hills
California	Chowchilla
California	Chula Vista
California	Citrus Heights
California	Claremont
California	Clearlake
California	Clovis
California	Coachella
California	Coalinga
California	Colton
California	Compton
California	Concord
California	Corona
California	Costa Mesa
California	Covina
California	Cudahy
California	Culver City
California	Cupertino
California	Cypress
California	Daly City
California	Dana Point
California	Danville
California	Davis
California	Delano
California	Desert Hot Springs
California	Diamond Bar
California	Dinuba
California	Dixon
California	Downey
California	Duarte
California	Dublin
California	East Hemet
California	East Los Angeles
California	East Palo Alto
California	East San Gabriel
California	Eastvale
California	El Cajon
California	El Centro
California	El Cerrito City
California	El Dorado Hills
California	El Monte
California	El Paso de Robles (Paso Robles)
California	El Segundo
California	Elk Grove
California	Encinitas
California	Escondido
California	Fair Oaks
California	Fairfield
California	Fallbrook
California	Fillmore
California	Florence-Graham
California	Florin
California	Folsom
California	Fontana
California	Foothill Farms
California	Foster City
California	Fountain Valley
California	Fremont
California	French Valley
California	Fresno
California	Fullerton
California	Galt
California	Garden Grove
California	Gardena
California	Gilroy
California	Glendale
California	Glendora
California	Goleta
California	Greenfield City
California	Hacienda Heights
California	Hanford
California	Hawthorne
California	Hayward
California	Hemet
California	Hercules
California	Hermosa Beach
California	Hesperia
California	Highland
California	Hollister
California	Huntington Beach
California	Imperial Beach
California	Indio
California	Inglewood
California	Irvine
California	Isla Vista
California	Jurupa Valley
California	La Cañada Flintridge
California	La Crescenta-Montrose
California	La Habra
California	La Mesa
California	La Mirada
California	La Palma
California	La Presa
California	La Puente
California	La Quinta
California	La Verne
California	Ladera Ranch
California	Lafayette
California	Laguna Beach
California	Laguna Hills
California	Laguna Niguel
California	Laguna Woods
California	Lake Elsinore
California	Lake Forest
California	Lakeside
California	Lakewood
California	Lamont
California	Lancaster
California	Lathrop
California	Lawndale
California	Lemon Grove
California	Lemoore
California	Lennox
California	Lincoln
California	Linda
California	Live Oak Cdp
California	Livermore
California	Lodi
California	Loma Linda
California	Lomita
California	Lompoc
California	Long Beach
California	Los Altos
California	Los Angeles
California	Los Banos
California	Los Gatos
California	Lynwood
California	Madera
California	Manhattan Beach
California	Manteca
California	Marina
California	Martinez
California	Maywood
California	McKinleyville
California	Mead Valley
California	Menifee
California	Menlo Park
California	Merced
California	Millbrae
California	Milpitas
California	Mission Viejo
California	Modesto
California	Monrovia
California	Montclair
California	Montebello
California	Monterey
California	Monterey Park
California	Moorpark
California	Moraga
California	Moreno Valley
California	Morgan Hill
California	Mountain View
California	Murrieta
California	Napa
California	Newark
California	Newport Beach
California	Nipomo
California	Norco
California	North Fair Oaks
California	North Highlands
California	North Tustin
California	Norwalk
California	Novato
California	Oakdale
California	Oakland
California	Oakley
California	Oceanside
California	Ontario
California	Orange
California	Orinda
California	Oroville
California	Oxnard
California	Pacific Grove
California	Pacifica
California	Palm Desert
California	Palm Springs
California	Palmdale
California	Palo Alto
California	Paradise Town
California	Paramount
California	Parlier
California	Pasadena
California	Patterson
California	Perris
California	Petaluma
California	Pico Rivera
California	Pinole
California	Pittsburg
California	Placentia
California	Pleasant Hill
California	Pleasanton
California	Pomona
California	Port Hueneme
California	Porterville
California	Poway
California	Prunedale
California	Ramona
California	Rancho Cordova
California	Rancho Cucamonga
California	Rancho Mirage
California	Rancho Palos Verdes
California	Rancho San Diego
California	Rancho Santa Margarita
California	Redding
California	Redlands
California	Redondo Beach
California	Redwood City
California	Reedley
California	Rialto
California	Richmond
California	Ridgecrest
California	Ripon
California	Riverbank
California	Riverside
California	Rocklin
California	Rohnert Park
California	Rosamond
California	Rosemead
California	Rosemont
California	Roseville
California	Rowland Heights
California	Sacramento
California	Salinas
California	San Bernardino
California	San Bruno
California	San Buenaventura (Ventura)
California	San Carlos
California	San Clemente
California	San Diego
California	San Dimas
California	San Fernando
California	San Francisco
California	San Gabriel
California	San Jacinto
California	San Jose
California	San Juan Capistrano
California	San Leandro
California	San Lorenzo
California	San Luis Obispo
California	San Marcos
California	San Mateo
California	San Pablo
California	San Rafael
California	San Ramon
California	Sanger
California	Santa Ana
California	Santa Barbara
California	Santa Clara
California	Santa Clarita
California	Santa Cruz
California	Santa Fe Springs
California	Santa Maria
California	Santa Monica
California	Santa Paula
California	Santa Rosa
California	Saratoga
California	Seal Beach
California	Seaside
California	Selma
California	Shafter
California	Simi Valley
California	Soledad
California	South Gate
California	South Lake Tahoe
California	South Pasadena
California	South San Francisco
California	South San Jose Hills
California	South Whittier
California	Spring Valley Cdp
California	Stanton
California	Stevenson Ranch
California	Stockton
California	Suisun City
California	Sunnyvale
California	Susanville
California	Temecula
California	Temescal Valley
California	Temple City
California	Thousand Oaks
California	Torrance
California	Tracy
California	Truckee
California	Tulare
California	Turlock
California	Tustin
California	Twentynine Palms
California	Ukiah
California	Union City
California	Upland
California	Vacaville
California	Valinda
California	Valle Vista
California	Vallejo
California	Victorville
California	Vincent
California	Vineyard
California	Visalia
California	Vista
California	Walnut
California	Walnut Creek
California	Walnut Park
California	Wasco
California	Watsonville
California	West Carson
California	West Covina
California	West Hollywood
California	West Puente Valley
California	West Rancho Dominguez
California	West Sacramento
California	West Whittier-Los Nietos
California	Westminster
California	Westmont
California	Whittier
California	Wildomar
California	Willowbrook
California	Windsor
California	Winter Gardens
California	Woodcrest
California	Woodland
California	Yorba Linda
California	Yuba City
California	Yucaipa
California	Yucca Valley
Colorado	Arvada
Colorado	Aurora
Colorado	Boulder
Colorado	Brighton
Colorado	Broomfield
Colorado	Cañon City
Colorado	Castle Rock
Colorado	Castle Rock
Colorado	Centennial
Colorado	Cimarron Hills
Colorado	Clifton
Colorado	Colorado Springs
Colorado	Columbine
Colorado	Dakota Ridge
Colorado	Denver
Colorado	Durango
Colorado	Englewood
Colorado	Erie
Colorado	Evans
Colorado	Fort Collins
Colorado	Fountain
Colorado	Golden
Colorado	Grand Junction
Colorado	Greeley
Colorado	Greenwood Village
Colorado	Highlands Ranch
Colorado	Ken Caryl
Colorado	Lafayette
Colorado	Lakewood
Colorado	Littleton
Colorado	Longmont
Colorado	Louisville
Colorado	Loveland
Colorado	Montrose
Colorado	Northglenn
Colorado	Parker
Colorado	Pueblo
Colorado	Pueblo West
Colorado	Security-Widefield
Colorado	Sherrelwood
Colorado	Thornton
Colorado	Welby
Colorado	Wheat Ridge
Colorado	Windsor
Connecticut	Ansonia
Connecticut	Avon
Connecticut	Berlin
Connecticut	Bethel
Connecticut	Bloomfield
Connecticut	Branford
Connecticut	Bridgeport
Connecticut	Bristol
Connecticut	Brookfield
Connecticut	Cheshire
Connecticut	Colchester
Connecticut	Danbury
Connecticut	Darien
Connecticut	East Hartford
Connecticut	East Haven
Connecticut	East Lyme
Connecticut	Ellington
Connecticut	Enfield
Connecticut	Fairfield
Connecticut	Farmington
Connecticut	Glastonbury
Connecticut	Greenwich
Connecticut	Groton (Town)
Connecticut	Guilford
Connecticut	Hamden
Connecticut	Hartford
Connecticut	Killingly
Connecticut	Ledyard 
Connecticut	Madison
Connecticut	Manchester
Connecticut	Mansfield
Connecticut	Meriden
Connecticut	Middletown
Connecticut	Milford
Connecticut	Monroe
Connecticut	Montville
Connecticut	Naugatuck
Connecticut	New Britain
Connecticut	New Canaan
Connecticut	New Haven
Connecticut	New London
Connecticut	New Milford
Connecticut	Newington
Connecticut	Newtown Town
Connecticut	North Haven
Connecticut	Norwalk
Connecticut	Norwich
Connecticut	Plainfield 
Connecticut	Plainville
Connecticut	Ridgefield
Connecticut	Rocky Hill
Connecticut	Seymour
Connecticut	Shelton
Connecticut	South Windsor
Connecticut	Southbury
Connecticut	Southington
Connecticut	Stamford
Connecticut	Stonington Town
Connecticut	Stratford
Connecticut	Suffield
Connecticut	Torrington
Connecticut	Trumbull
Connecticut	Vernon
Connecticut	Wallingford
Connecticut	Waterbury
Connecticut	Waterford
Connecticut	West Hartford
Connecticut	West Hartford (CDP)
Connecticut	West Haven
Connecticut	Westport
Connecticut	Wethersfield
Connecticut	Windham
Connecticut	Windsor
Connecticut	Wolcott
Florida	 Gibsonton
Florida	Alafaya
Florida	Altamonte Springs
Florida	Apollo Beach
Florida	Apopka
Florida	Auburndale
Florida	Aventura
Florida	Bartow
Florida	Bayonet Point
Florida	Bayshore Gardens
Florida	Belle Glade
Florida	Bellview
Florida	Bloomingdale
Florida	Boca Raton
Florida	Bonita Springs
Florida	Boynton Beach
Florida	Bradenton
Florida	Brandon
Florida	Brent
Florida	Buenaventura Lakes
Florida	Callaway
Florida	Cape Coral
Florida	Carrollwood
Florida	Casselberry
Florida	Citrus Park
Florida	Clearwater
Florida	Clermont
Florida	Cocoa
Florida	Coconut Creek
Florida	Conway
Florida	Cooper City
Florida	Coral Gables
Florida	Coral Springs
Florida	Coral Terrace
Florida	Country Club
Florida	Country Walk
Florida	Crestview
Florida	Cutler Bay
Florida	Dania Beach
Florida	Davie
Florida	Daytona Beach
Florida	DeBary
Florida	Deerfield Beach
Florida	DeLand
Florida	Delray Beach
Florida	Deltona
Florida	Doral
Florida	Dunedin
Florida	East Lake
Florida	East Lake-Orient Park
Florida	Edgewater
Florida	Egypt Lake-Leto
Florida	Ensley
Florida	Estero
Florida	Eustis
Florida	Ferry Pass
Florida	Fish Hawk
Florida	Fleming Island
Florida	Florida Ridge
Florida	Fort Lauderdale
Florida	Fort Myers
Florida	Fort Pierce
Florida	Fort Walton Beach
Florida	Fountainebleau
Florida	Four Corners
Florida	Fruit Cove
Florida	Gainesville
Florida	Glenvar Heights
Florida	Golden Gate
Florida	Golden Glades
Florida	Greenacres
Florida	Haines City
Florida	Hallandale Beach
Florida	Hialeah
Florida	Hialeah Gardens
Florida	Holiday
Florida	Hollywood
Florida	Homestead
Florida	Horizon West
Florida	Hunters Creek
Florida	Immokalee 
Florida	Ives Estates
Florida	Jacksonville
Florida	Jacksonville Beach
Florida	Jasmine Estates
Florida	Jupiter
Florida	Kendale Lakes
Florida	Kendall
Florida	Kendall West
Florida	Key West
Florida	Keystone
Florida	Kissimmee
Florida	Lake Butler Cdp
Florida	Lake Magdalene
Florida	Lake Mary
Florida	Lake Wales
Florida	Lake Worth
Florida	Lakeland
Florida	Lakeside
Florida	Land O' Lakes
Florida	Largo
Florida	Lauderdale Lakes
Florida	Lauderhill
Florida	Lealman
Florida	Leesburg
Florida	Lehigh Acres
Florida	Leisure City
Florida	Lutz
Florida	Lynn Haven
Florida	Maitland
Florida	Marco Island
Florida	Margate
Florida	Meadow Woods
Florida	Melbourne
Florida	Merritt Island
Florida	Miami
Florida	Miami Beach
Florida	Miami Gardens
Florida	Midway Cdp
Florida	Miramar
Florida	Myrtle Grove
Florida	Naples
Florida	Navarre
Florida	New Port Richey
Florida	New Smyrna Beach
Florida	North Fort Myers
Florida	North Lauderdale
Florida	North Miami
Florida	North Miami Beach
Florida	North Port
Florida	Northdale
Florida	Oak Ridge
Florida	Oakland Park
Florida	Oakleaf Plantation
Florida	Ocala
Florida	Ocoee
Florida	Ojus
Florida	Opa-locka
Florida	Orlando
Florida	Ormond Beach
Florida	Oviedo
Florida	Pace
Florida	Palm Bay
Florida	Palm Beach Gardens
Florida	Palm City
Florida	Palm Coast
Florida	Palm Harbor
Florida	Palm River-Clair Mel
Florida	Palm Springs
Florida	Palm Valley
Florida	Palmetto Bay
Florida	Palmetto Estates
Florida	Panama City
Florida	Parkland
Florida	Pembroke Pines
Florida	Pensacola
Florida	Pine Hills
Florida	Pinecrest
Florida	Pinellas Park
Florida	Pinewood
Florida	Plant City
Florida	Plantation
Florida	Poinciana
Florida	Pompano Beach
Florida	Port Charlotte
Florida	Port Orange
Florida	Port St. Lucie
Florida	Princeton
Florida	Punta Gorda
Florida	Richmond West
Florida	Riverview
Florida	Riviera Beach
Florida	Rockledge
Florida	Royal Palm Beach
Florida	Ruskin
Florida	Safety Harbor
Florida	San Carlos Park
Florida	Sanford
Florida	Sarasota
Florida	Sarasota Springs
Florida	Sebastian
Florida	Seminole
Florida	South Bradenton
Florida	South Miami Heights
Florida	Southchase
Florida	Spring Hill
Florida	St. Cloud
Florida	St. Petersburg
Florida	Stuart
Florida	Sun City Center
Florida	Sunny Isles Beach
Florida	Sunrise
Florida	Sunset
Florida	Sweetwater
Florida	Tallahassee
Florida	Tamarac
Florida	Tamiami
Florida	Tampa
Florida	Tarpon Springs
Florida	Tavares
Florida	Temple Terrace
Florida	The Acreage
Florida	The Crossings
Florida	The Hammocks
Florida	The Villages
Florida	Three Lakes
Florida	Titusville
Florida	Town 'n' Country
Florida	University
Florida	University
Florida	University Park
Florida	Valrico
Florida	Venice
Florida	Vero Beach
Florida	Vero Beach South
Florida	Wekiwa Springs
Florida	Wellington
Florida	Wesley Chapel
Florida	West Lealman
Florida	West Little River
Florida	West Melbourne
Florida	West Palm Beach
Florida	West Park
Florida	West Pensacola
Florida	Westchase
Florida	Westchester
Florida	Weston
Florida	Winter Garden
Florida	Winter Haven
Florida	Winter Park
Florida	Winter Springs
Florida	Wright
Georgia	 Candler-McAfee
Georgia	 Riverdale
Georgia	Acworth
Georgia	Albany
Georgia	Alpharetta
Georgia	Americus
Georgia	Athens
Georgia	Atlanta
Georgia	Augusta
Georgia	Belvedere Park
Georgia	Brunswick
Georgia	Calhoun
Georgia	Canton
Georgia	Carrollton
Georgia	Cartersville
Georgia	Chamblee
Georgia	Columbus
Georgia	Conyers
Georgia	Dalton
Georgia	Decatur
Georgia	Douglasville
Georgia	Dublin
Georgia	Duluth
Georgia	Dunwoody
Georgia	East Point
Georgia	Evans
Georgia	Fayetteville
Georgia	Forest Park
Georgia	Gainesville
Georgia	Griffin
Georgia	Hinesville
Georgia	Johns Creek
Georgia	Kennesaw
Georgia	Kingsland
Georgia	LaGrange
Georgia	Lawrenceville
Georgia	Lithia Springs
Georgia	Mableton
Georgia	Macon
Georgia	Marietta
Georgia	Martinez
Georgia	McDonough
Georgia	Milledgeville
Georgia	Milton
Georgia	Newnan
Georgia	Norcross
Georgia	North Decatur
Georgia	North Druid Hills
Georgia	Peachtree City
Georgia	Peachtree Corners
Georgia	Perry
Georgia	Pooler
Georgia	Redan
Georgia	Rome
Georgia	Roswell
Georgia	Sandy Springs
Georgia	Savannah
Georgia	Smyrna
Georgia	Snellville
Georgia	St. Marys
Georgia	Statesboro
Georgia	Stockbridge
Georgia	Sugar Hill
Georgia	Suwanee
Georgia	Thomasville
Georgia	Tifton
Georgia	Tucker
Georgia	Union City
Georgia	Valdosta
Georgia	Warner Robins
Georgia	Wilmington Island
Georgia	Winder
Georgia	Woodstock
Hawaii	Ewa Gentry
Hawaii	Hilo
Hawaii	Honolulu
Hawaii	Kahului
Hawaii	Kailua
Hawaii	Kaneohe
Hawaii	Kapolei
Hawaii	Kihei
Hawaii	Makakilo
Hawaii	Mililani Mauka
Hawaii	Mililani Town
Hawaii	Pearl City
Hawaii	Schofield Barracks
Hawaii	Wahiawa
Hawaii	Wailuku
Hawaii	Waipahu
Idaho	Boise City
Idaho	Caldwell
Idaho	Coeur d'Alene
Idaho	Eagle
Idaho	Idaho Falls
Idaho	Kuna
Idaho	Lewiston
Idaho	Meridian
Idaho	Moscow
Idaho	Nampa
Idaho	Pocatello
Idaho	Post Falls
Idaho	Rexburg
Idaho	Twin Falls
Illinois	 Bradley
Illinois	 Country Club Hills
Illinois	 Lake in the Hills
Illinois	Addison
Illinois	Algonquin
Illinois	Alsip
Illinois	Alton
Illinois	Arlington Heights
Illinois	Aurora
Illinois	Avon
Illinois	Bartlett
Illinois	Belleville
Illinois	Bellwood
Illinois	Belvidere
Illinois	Bensenville
Illinois	Berwyn
Illinois	Bloom
Illinois	Bloomingdale
Illinois	Bloomingdale
Illinois	Bloomington
Illinois	Blue Island
Illinois	Bourbonnais
Illinois	Bridgeview
Illinois	Brookfield
Illinois	Burbank
Illinois	Calumet City
Illinois	Carbondale
Illinois	Carol Stream
Illinois	Carpentersville
Illinois	Cary
Illinois	Caseyville
Illinois	Champaign
Illinois	Champaign City
Illinois	Charleston
Illinois	Chicago
Illinois	Chicago Heights
Illinois	Collinsville
Illinois	Crest Hill
Illinois	Crystal Lake
Illinois	Danville
Illinois	Darien
Illinois	Decatur
Illinois	Deerfield
Illinois	DeKalb
Illinois	Dixon
Illinois	Dolton
Illinois	Downers Grove
Illinois	East Moline
Illinois	East Peoria
Illinois	East St. Louis
Illinois	Edwardsville
Illinois	Elgin
Illinois	Elk Grove
Illinois	Elk Grove Village
Illinois	Elmhurst
Illinois	Elmwood Park
Illinois	Evanston
Illinois	Evergreen Park
Illinois	Fairview Heights
Illinois	Frankfort
Illinois	Franklin Park
Illinois	Freeport
Illinois	Galesburg
Illinois	Geneva
Illinois	Glen Ellyn
Illinois	Glendale Heights
Illinois	Glenview
Illinois	Godfrey
Illinois	Grafton
Illinois	Granite City
Illinois	Grayslake
Illinois	Gurnee
Illinois	Hanover
Illinois	Hanover Park
Illinois	Harlem
Illinois	Harvey
Illinois	Highland Park
Illinois	Hinsdale
Illinois	Hoffman Estates
Illinois	Homer
Illinois	Homer Glen
Illinois	Homewood
Illinois	Huntley
Illinois	Jacksonville
Illinois	Joliet
Illinois	Kankakee
Illinois	La Grange
Illinois	Lake Forest
Illinois	Lake Villa
Illinois	Lake Zurich
Illinois	Lansing
Illinois	Lemont
Illinois	Libertyville
Illinois	Lisle
Illinois	Lisle
Illinois	Lockport
Illinois	Lombard
Illinois	Loves Park
Illinois	Lyons
Illinois	Machesney Park
Illinois	Macomb
Illinois	Marion
Illinois	Matteson
Illinois	Mattoon
Illinois	Maywood
Illinois	McHenry
Illinois	Melrose Park
Illinois	Milton
Illinois	Mokena
Illinois	Moline
Illinois	Montgomery
Illinois	Moraine
Illinois	Morton
Illinois	Morton Grove
Illinois	Mount Prospect
Illinois	Mount Vernon
Illinois	Naperville
Illinois	New Lenox
Illinois	Niles
Illinois	Normal
Illinois	North Aurora
Illinois	North Chicago
Illinois	Northbrook
Illinois	Northfield
Illinois	Nunda
Illinois	O'Fallon
Illinois	Oak Forest
Illinois	Oak Lawn
Illinois	Oak Park
Illinois	Orland Park
Illinois	Oswego
Illinois	Ottawa
Illinois	Palatine
Illinois	Palos Hills
Illinois	Park Forest
Illinois	Park Ridge
Illinois	Pekin
Illinois	Peoria
Illinois	Plainfield
Illinois	Prospect Heights
Illinois	Quincy
Illinois	Rock Island
Illinois	Rockford
Illinois	Rolling Meadows
Illinois	Romeoville
Illinois	Roselle
Illinois	Round Lake
Illinois	Round Lake Beach
Illinois	Schaumburg
Illinois	Shorewood
Illinois	Skokie
Illinois	South Elgin
Illinois	South Holland
Illinois	Springfield
Illinois	St. Charles
Illinois	Sterling
Illinois	Stickney
Illinois	Streamwood
Illinois	Sycamore
Illinois	Thornton
Illinois	Tinley Park
Illinois	Troy
Illinois	Urbana
Illinois	Vernon
Illinois	Vernon Hills
Illinois	Villa Park
Illinois	Warren
Illinois	Washington
Illinois	Waukegan
Illinois	Wayne
Illinois	West Chicago
Illinois	Westchester
Illinois	Westmont
Illinois	Wheatland
Illinois	Wheaton
Illinois	Wheeling
Illinois	Wilmette
Illinois	Winfield
Illinois	Wood River
Illinois	Woodridge
Illinois	Woodstock
Illinois	Worth
Illinois	Yorkville
Illinois	Zion
Indiana	 Granger
Indiana	 Greenfield
Indiana	 Griffith
Indiana	Aboite
Indiana	Anderson
Indiana	Avon
Indiana	Bloomington
Indiana	Brownsburg 
Indiana	Carmel
Indiana	Clarksville
Indiana	Columbus
Indiana	Crawfordsville
Indiana	Crown Point
Indiana	Decatur
Indiana	Dyer
Indiana	East Chicago
Indiana	Elkhart
Indiana	Evansville
Indiana	Fishers
Indiana	Fort Wayne
Indiana	Frankfort
Indiana	Franklin
Indiana	Gary
Indiana	Goshen
Indiana	Greenwood
Indiana	Hammond
Indiana	Highland Town
Indiana	Hobart
Indiana	Huntington
Indiana	Indianapolis
Indiana	Jasper
Indiana	Jeffersonville
Indiana	Kokomo
Indiana	La Porte
Indiana	Lafayette
Indiana	Lawrence
Indiana	Lebanon
Indiana	Logansport
Indiana	Marion
Indiana	Merrillville
Indiana	Michigan City
Indiana	Mishawaka
Indiana	Muncie
Indiana	Munster
Indiana	New Albany
Indiana	New Castle
Indiana	New Haven
Indiana	Noblesville
Indiana	Plainfield
Indiana	Portage
Indiana	Richmond
Indiana	Seymour
Indiana	Shelbyville
Indiana	South Bend
Indiana	St. John
Indiana	Terre Haute
Indiana	Valparaiso
Indiana	Vincennes
Indiana	Wabash
Indiana	West Lafayette
Indiana	Westfield
Indiana	Zionsville
Iowa	Altoona
Iowa	Ames
Iowa	Ankeny
Iowa	Bettendorf
Iowa	Burlington
Iowa	Cedar Falls
Iowa	Cedar Rapids
Iowa	Clinton
Iowa	Clive
Iowa	Coralville
Iowa	Council Bluffs
Iowa	Davenport
Iowa	Des Moines
Iowa	Dubuque
Iowa	Fort Dodge
Iowa	Indianola
Iowa	Iowa City
Iowa	Johnston
Iowa	Marion
Iowa	Marshalltown
Iowa	Mason City
Iowa	Muscatine
Iowa	Newton
Iowa	North Liberty
Iowa	Ottumwa
Iowa	Sioux City
Iowa	Urbandale
Iowa	Waterloo
Iowa	Waukee
Iowa	West Des Moines
Kansas	Derby
Kansas	Dodge City
Kansas	Emporia
Kansas	Garden City
Kansas	Gardner
Kansas	Gardner
Kansas	Great Bend
Kansas	Hays
Kansas	Hutchinson
Kansas	Junction City
Kansas	Kansas City
Kansas	Lawrence
Kansas	Leavenworth
Kansas	Leawood
Kansas	Leawood
Kansas	Lenexa
Kansas	Liberal
Kansas	Manhattan
Kansas	Newton
Kansas	Olathe
Kansas	Overland Park
Kansas	Pittsburg
Kansas	Prairie Village
Kansas	Salina
Kansas	Shawnee
Kansas	Topeka
Kansas	Wichita
Louisiana	 Central
Louisiana	 Prairieville
Louisiana	 Slidell
Louisiana	 Sulphur
Louisiana	 Zachary
Louisiana	Alexandria
Louisiana	Baton Rouge
Louisiana	Bayou Cane
Louisiana	Bossier City
Louisiana	Chalmette
Louisiana	Estelle
Louisiana	Gretna
Louisiana	Hammond
Louisiana	Harvey
Louisiana	Houma
Louisiana	Kenner
Louisiana	Lafayette
Louisiana	Lake Charles
Louisiana	Laplace
Louisiana	Marrero
Louisiana	Metairie
Louisiana	Monroe
Louisiana	Natchitoches
Louisiana	New Iberia
Louisiana	New Orleans
Louisiana	Opelousas
Louisiana	Ruston
Louisiana	Shenandoah
Louisiana	Shreveport
Louisiana	Terrytown
Maryland	 Crofton
Maryland	 Damascus
Maryland	 Easton
Maryland	 Maryland City
Maryland	 Seabrook
Maryland	Aberdeen
Maryland	Adelphi
Maryland	Annapolis
Maryland	Arbutus
Maryland	Arnold
Maryland	Aspen Hill
Maryland	Ballenger Creek
Maryland	Baltimore
Maryland	Bel Air North
Maryland	Bel Air South
Maryland	Beltsville
Maryland	Bethesda
Maryland	Bowie
Maryland	Calverton
Maryland	Camp Springs
Maryland	Carney
Maryland	Catonsville
Maryland	Chillum
Maryland	Clarksburg
Maryland	Clinton
Maryland	Cloverly
Maryland	Cockeysville
Maryland	College Park
Maryland	Columbia
Maryland	Cumberland
Maryland	East Riverdale
Maryland	Edgewood
Maryland	Eldersburg
Maryland	Elkridge
Maryland	Elkton
Maryland	Ellicott City
Maryland	Essex
Maryland	Fairland
Maryland	Ferndale
Maryland	Fort Washington
Maryland	Frederick
Maryland	Gaithersburg
Maryland	Germantown
Maryland	Glassmanor
Maryland	Glen Burnie
Maryland	Glenmont
Maryland	Greenbelt
Maryland	Hagerstown
Maryland	Hillcrest Heights
Maryland	Hyattsville
Maryland	Ilchester
Maryland	Lake Shore
Maryland	Landover
Maryland	Langley Park
Maryland	Laurel
Maryland	Lochearn
Maryland	Middle River
Maryland	Milford Mill
Maryland	North Bethesda
Maryland	North Laurel
Maryland	North Potomac
Maryland	Odenton
Maryland	Olney
Maryland	Owings Mills
Maryland	Oxon Hill
Maryland	Parkville
Maryland	Parole
Maryland	Pasadena
Maryland	Perry Hall
Maryland	Pikesville
Maryland	Potomac
Maryland	Randallstown
Maryland	Redland
Maryland	Reisterstown
Maryland	Rockville
Maryland	Rosedale
Maryland	Rossville
Maryland	Salisbury
Maryland	Severn
Maryland	Severna Park
Maryland	Silver Spring
Maryland	South Laurel
Maryland	Suitland
Maryland	Takoma Park
Maryland	Towson
Maryland	Waldorf
Maryland	Westminster
Maryland	Wheaton
Maryland	White Oak
Maryland	Woodlawn
Massachusetts	 Acton
Massachusetts	 Ashland
Massachusetts	 Belmont
Massachusetts	 Bridgewater
Massachusetts	 Dedham
Massachusetts	 Duxbury
Massachusetts	 Easton
Massachusetts	 Marshfield
Massachusetts	 Reading
Massachusetts	 Scituate
Massachusetts	 Wakefield
Massachusetts	 Winthrop Town
Massachusetts	 Yarmouth
Massachusetts	Abington
Massachusetts	Agawam Town
Massachusetts	Amesbury Town
Massachusetts	Amherst
Massachusetts	Andover
Massachusetts	Arlington
Massachusetts	Attleboro
Massachusetts	Auburn
Massachusetts	Barnstable Town
Massachusetts	Bellingham
Massachusetts	Beverly
Massachusetts	Billerica
Massachusetts	Boston
Massachusetts	Bourne
Massachusetts	Braintree Town
Massachusetts	Brockton
Massachusetts	Brookline
Massachusetts	Burlington
Massachusetts	Cambridge
Massachusetts	Canton
Massachusetts	Chelmsford
Massachusetts	Chelsea
Massachusetts	Chicopee
Massachusetts	Concord
Massachusetts	Danvers
Massachusetts	Dartmouth
Massachusetts	Dracut
Massachusetts	East Longmeadow
Massachusetts	Easthampton Town
Massachusetts	Everett
Massachusetts	Fairhaven
Massachusetts	Fall River
Massachusetts	Falmouth
Massachusetts	Fitchburg
Massachusetts	Foxborough
Massachusetts	Framingham
Massachusetts	Franklin Town
Massachusetts	Gardner
Massachusetts	Gloucester
Massachusetts	Grafton
Massachusetts	Greenfield Town
Massachusetts	Haverhill
Massachusetts	Hingham
Massachusetts	Holden
Massachusetts	Holyoke
Massachusetts	Hopkinton
Massachusetts	Hudson
Massachusetts	Lawrence
Massachusetts	Leominster
Massachusetts	Lexington
Massachusetts	Longmeadow
Massachusetts	Lowell
Massachusetts	Ludlow
Massachusetts	Lynn
Massachusetts	Malden
Massachusetts	Mansfield
Massachusetts	Marblehead
Massachusetts	Marlborough
Massachusetts	Medford
Massachusetts	Melrose
Massachusetts	Methuen Town
Massachusetts	Middleborough 
Massachusetts	Milford
Massachusetts	Milton
Massachusetts	Natick
Massachusetts	Needham
Massachusetts	New Bedford
Massachusetts	Newburyport
Massachusetts	Newton
Massachusetts	North Andover
Massachusetts	North Attleborough
Massachusetts	North Reading
Massachusetts	Northampton
Massachusetts	Northborough
Massachusetts	Northbridge
Massachusetts	Norton
Massachusetts	Norwood
Massachusetts	Peabody
Massachusetts	Pembroke
Massachusetts	Pittsfield
Massachusetts	Plymouth
Massachusetts	Quincy
Massachusetts	Randolph
Massachusetts	Revere
Massachusetts	Rockland
Massachusetts	Salem
Massachusetts	Sandwich
Massachusetts	Saugus
Massachusetts	Sharon
Massachusetts	Shrewsbury
Massachusetts	Somerset
Massachusetts	Somerville
Massachusetts	South Hadley
Massachusetts	Southbridge Town
Massachusetts	Springfield
Massachusetts	Stoneham
Massachusetts	Stoughton
Massachusetts	Sudbury
Massachusetts	Swansea
Massachusetts	Taunton
Massachusetts	Tewksbury
Massachusetts	Walpole
Massachusetts	Waltham
Massachusetts	Wareham
Massachusetts	Watertown Town
Massachusetts	Webster
Massachusetts	Wellesley
Massachusetts	West Springfield Town
Massachusetts	Westborough
Massachusetts	Westfield
Massachusetts	Westford
Massachusetts	Westport
Massachusetts	Westwood
Massachusetts	Weymouth Town
Massachusetts	Wilmington
Massachusetts	Winchester
Massachusetts	Woburn
Massachusetts	Worcester
Michigan	 Adrian
Michigan	 Auburn Hills
Michigan	 Delhi
Michigan	 Gaines Charter Township
Michigan	 Garden City
Michigan	 Hamburg
Michigan	 Lyon
Michigan	 Mount Clemens
Michigan	 Norton Shores
Michigan	 Walker
Michigan	Allen Park
Michigan	Allendale
Michigan	Ann Arbor
Michigan	Battle Creek
Michigan	Bay City
Michigan	Bedford
Michigan	Berkley
Michigan	Birmingham
Michigan	Blackman
Michigan	Bloomfield
Michigan	Brandon
Michigan	Brighton
Michigan	Brownstown
Michigan	Burton
Michigan	Byron Township
Michigan	Canton
Michigan	Cascade
Michigan	Chesterfield
Michigan	Clinton
Michigan	Commerce
Michigan	Comstock
Michigan	Davison
Michigan	Dearborn
Michigan	Dearborn Heights
Michigan	Delta
Michigan	Detroit
Michigan	East Lansing
Michigan	Eastpointe
Michigan	Farmington Hills
Michigan	Fenton
Michigan	Ferndale
Michigan	Flint
Michigan	Flint (Charter Township)
Michigan	Frenchtown
Michigan	Garfield
Michigan	Genesee
Michigan	Genoa
Michigan	Georgetown
Michigan	Grand Blanc (Charter Township)
Michigan	Grand Haven
Michigan	Grand Rapids
Michigan	Grand Rapids
Michigan	Grandville
Michigan	Green Oak
Michigan	Grosse Pointe Woods
Michigan	Hamtramck
Michigan	Harrison Charter Township
Michigan	Hazel Park
Michigan	Highland Charter Township
Michigan	Holland
Michigan	Holland
Michigan	Holland (Charter Township)
Michigan	Huron
Michigan	Independence
Michigan	Inkster
Michigan	Jackson
Michigan	Kalamazoo
Michigan	Kalamazoo Charter Township
Michigan	Kentwood
Michigan	Lansing
Michigan	Lincoln Park
Michigan	Livonia
Michigan	Macomb
Michigan	Madison Heights
Michigan	Marquette
Michigan	Meridian
Michigan	Midland
Michigan	Milford
Michigan	Monroe
Michigan	Mount Morris
Michigan	Mount Pleasant
Michigan	Muskegon
Michigan	Muskegon
Michigan	Northville Township
Michigan	Novi
Michigan	Oak Park
Michigan	Oakland
Michigan	Orion
Michigan	Oshtemo
Michigan	Oxford Charter Township
Michigan	Park
Michigan	Pittsfield
Michigan	Plainfield
Michigan	Plymouth Charter
Michigan	Pontiac
Michigan	Port Huron
Michigan	Portage
Michigan	Redford
Michigan	Rochester Hills
Michigan	Romulus
Michigan	Roseville
Michigan	Royal Oak
Michigan	Saginaw
Michigan	Saginaw (Charter Township)
Michigan	Scio
Michigan	Shelby
Michigan	Southfield
Michigan	Southgate
Michigan	St. Clair Shores
Michigan	Sterling Heights
Michigan	Summit Township
Michigan	Taylor
Michigan	Texas
Michigan	Traverse
Michigan	Trenton
Michigan	Troy
Michigan	Van Buren
Michigan	Warren
Michigan	Washington
Michigan	Waterford
Michigan	Wayne
Michigan	West Bloomfield
Michigan	Westland
Michigan	White Lake
Michigan	Wyandotte
Michigan	Wyoming
Michigan	Ypsilanti
Michigan	Ypsilanti (Charter Township)
Minnesota	 Chanhassen
Minnesota	 Columbia Heights
Minnesota	 Crystal
Minnesota	 Elk River
Minnesota	 Ham Lake
Minnesota	 Lino Lakes
Minnesota	 New Brighton
Minnesota	 Otsego
Minnesota	 Willmar
Minnesota	Albert Lea
Minnesota	Andover
Minnesota	Anoka
Minnesota	Apple Valley
Minnesota	Austin
Minnesota	Blaine
Minnesota	Bloomington
Minnesota	Brooklyn Center
Minnesota	Brooklyn Park
Minnesota	Buffalo
Minnesota	Burnsville
Minnesota	Champlin
Minnesota	Chaska
Minnesota	Coon Rapids
Minnesota	Cottage Grove
Minnesota	Duluth
Minnesota	Eagan
Minnesota	Eden Prairie
Minnesota	Faribault 
Minnesota	Farmington
Minnesota	Forest Lake
Minnesota	Fridley
Minnesota	Golden Valley
Minnesota	Hastings
Minnesota	Hibbing
Minnesota	Hopkins
Minnesota	Inver Grove Heights
Minnesota	Lakeville
Minnesota	Mankato
Minnesota	Maple Grove
Minnesota	Maplewood
Minnesota	Minneapolis
Minnesota	Minnetonka
Minnesota	Moorhead
Minnesota	New Hope
Minnesota	Northfield
Minnesota	Oakdale
Minnesota	Owatonna
Minnesota	Plymouth
Minnesota	Prior Lake
Minnesota	Ramsey
Minnesota	Red Wing
Minnesota	Richfield
Minnesota	Rochester
Minnesota	Rosemount
Minnesota	Roseville
Minnesota	Savage
Minnesota	Shakopee
Minnesota	Shoreview
Minnesota	South St. Paul
Minnesota	St. Cloud
Minnesota	St. Michael
Minnesota	St. Paul
Minnesota	Stillwater
Minnesota	West St. Paul
Minnesota	White Bear Lake
Minnesota	Winona
Minnesota	Woodbury
Mississippi	 Columbus
Mississippi	 Pascagoula
Mississippi	 Starkville
Mississippi	Biloxi
Mississippi	Brandon
Mississippi	Clarksdale
Mississippi	Clinton
Mississippi	Gautier
Mississippi	Greenville
Mississippi	Greenwood
Mississippi	Gulfport
Mississippi	Hattiesburg
Mississippi	Hernando
Mississippi	Horn Lake
Mississippi	Jackson
Mississippi	Laurel
Mississippi	Long Beach
Mississippi	Madison
Mississippi	Meridian
Mississippi	Natchez
Mississippi	Ocean Springs
Mississippi	Olive Branch
Mississippi	Oxford
Mississippi	Pearl
Mississippi	Ridgeland
Mississippi	Tupelo
Mississippi	Vicksburg
Missouri	 Republic
Missouri	Affton
Missouri	Arnold
Missouri	Belton
Missouri	Blue Springs
Missouri	Cape Girardeau
Missouri	Clayton
Missouri	Columbia
Missouri	Concord
Missouri	Creve Coeur
Missouri	Farmington
Missouri	Ferguson
Missouri	Fort Leonard Wood
Missouri	Gladstone
Missouri	Grandview
Missouri	Hannibal
Missouri	Hazelwood
Missouri	Independence
Missouri	Jefferson City
Missouri	Joplin
Missouri	Kansas City
Missouri	Kirksville
Missouri	Kirkwood
Missouri	Lake St. Louis
Missouri	Lee's Summit
Missouri	Lemay
Missouri	Liberty
Missouri	Manchester
Missouri	Maryland Heights
Missouri	Mehlville
Missouri	Nixa
Missouri	O'Fallon
Missouri	Oakville
Missouri	Old Jamestown
Missouri	Overland
Missouri	Ozark
Missouri	Poplar Bluff
Missouri	Raymore
Missouri	Raytown
Missouri	Rolla
Missouri	Sedalia
Missouri	Sikeston
Missouri	Spanish Lake
Missouri	Springfield
Missouri	St. Charles
Missouri	St. Joseph
Missouri	St. Louis
Missouri	St. Peters
Missouri	Warrensburg
Missouri	Webster Groves
Missouri	Wentzville
Nevada	Boulder City
Nevada	Carson City
Nevada	Elko
Nevada	Enterprise
Nevada	Fernley
Nevada	Henderson
Nevada	Las Vegas
Nevada	Mesquite
Nevada	North Las Vegas
Nevada	Pahrump
Nevada	Paradise
Nevada	Reno
Nevada	Spanish Springs
Nevada	Sparks
Nevada	Spring Valley
Nevada	Summerlin South
Nevada	Sun Valley
Nevada	Sunrise Manor
Nevada	Whitney
Nevada	Winchester
New Jersey	 Glassboro
New Jersey	 Hamilton
New Jersey	 Maplewood
New Jersey	 Medford
New Jersey	 Ocean Township
New Jersey	 Pemberton Township
New Jersey	 Pleasantville
New Jersey	 Point Pleasant
New Jersey	 Vernon
New Jersey	 West Milford
New Jersey	Aberdeen
New Jersey	Asbury Park
New Jersey	Atlantic City
New Jersey	Barnegat
New Jersey	Bayonne
New Jersey	Belleville
New Jersey	Bergenfield
New Jersey	Berkeley
New Jersey	Bernards
New Jersey	Bloomfield
New Jersey	Brick
New Jersey	Bridgeton
New Jersey	Bridgewater
New Jersey	Burlington
New Jersey	Camden
New Jersey	Carteret
New Jersey	Cherry Hill
New Jersey	Cinnaminson
New Jersey	City of Orange
New Jersey	Clark
New Jersey	Cliffside Park
New Jersey	Clifton
New Jersey	Cranford
New Jersey	Delran
New Jersey	Denville
New Jersey	Deptford
New Jersey	Dover
New Jersey	Dumont
New Jersey	East Brunswick
New Jersey	East Orange
New Jersey	East Windsor
New Jersey	Edison
New Jersey	Egg Harbor
New Jersey	Elizabeth
New Jersey	Elmwood Park
New Jersey	Englewood
New Jersey	Evesham
New Jersey	Ewing
New Jersey	Fair Lawn
New Jersey	Fort Lee
New Jersey	Franklin
New Jersey	Franklin
New Jersey	Franklin Township
New Jersey	Freehold
New Jersey	Galloway
New Jersey	Garfield
New Jersey	Gloucester
New Jersey	Hamilton
New Jersey	Harrison Town
New Jersey	Hawthorne
New Jersey	Hazlet
New Jersey	Hillsborough
New Jersey	Hillside
New Jersey	Hoboken
New Jersey	Holmdel
New Jersey	Hopewell Township
New Jersey	Howell
New Jersey	Irvington
New Jersey	Jackson
New Jersey	Jefferson
New Jersey	Jersey City
New Jersey	Kearny
New Jersey	Lacey
New Jersey	Lakewood
New Jersey	Lawrence
New Jersey	Linden
New Jersey	Lindenwold
New Jersey	Little Egg Harbor
New Jersey	Livingston
New Jersey	Lodi
New Jersey	Long Branch
New Jersey	Lower
New Jersey	Lyndhurst
New Jersey	Madison
New Jersey	Mahwah
New Jersey	Manalapan
New Jersey	Manchester
New Jersey	Mantua
New Jersey	Maple Shade
New Jersey	Marlboro
New Jersey	Middle
New Jersey	Middletown
New Jersey	Millburn
New Jersey	Millville
New Jersey	Monroe
New Jersey	Monroe Township
New Jersey	Montclair
New Jersey	Montgomery
New Jersey	Montville
New Jersey	Moorestown
New Jersey	Morris
New Jersey	Morristown
New Jersey	Mount Laurel
New Jersey	Mount Olive
New Jersey	Neptune
New Jersey	New Brunswick
New Jersey	New Milford
New Jersey	Newark
New Jersey	North Arlington
New Jersey	North Bergen
New Jersey	North Brunswick
New Jersey	North Plainfield
New Jersey	Nutley
New Jersey	Old Bridge
New Jersey	Palisades Park
New Jersey	Paramus
New Jersey	Parsippany-Troy Hills
New Jersey	Passaic
New Jersey	Paterson
New Jersey	Pennsauken
New Jersey	Pequannock
New Jersey	Perth Amboy
New Jersey	Piscataway
New Jersey	Plainfield
New Jersey	Plainsboro
New Jersey	Princeton
New Jersey	Rahway
New Jersey	Ramsey
New Jersey	Randolph
New Jersey	Raritan
New Jersey	Readington
New Jersey	Ridgewood
New Jersey	Rockaway
New Jersey	Roselle
New Jersey	Roxbury
New Jersey	Rutherford
New Jersey	Sayreville
New Jersey	Scotch Plains
New Jersey	Secaucus
New Jersey	South Brunswick
New Jersey	South Orange Village
New Jersey	South Plainfield
New Jersey	South River
New Jersey	Sparta
New Jersey	Springfield Township
New Jersey	Stafford
New Jersey	Summit
New Jersey	Teaneck
New Jersey	Tinton Falls
New Jersey	Toms River
New Jersey	Trenton
New Jersey	Union
New Jersey	Union Township
New Jersey	Vineland
New Jersey	Voorhees
New Jersey	Wall
New Jersey	Warren
New Jersey	Washington
New Jersey	Washington
New Jersey	Wayne
New Jersey	West Deptford
New Jersey	West New York
New Jersey	West Orange
New Jersey	West Windsor
New Jersey	Westfield
New Jersey	Willingboro
New Jersey	Winslow
New Jersey	Woodbridge
New Jersey	Wyckoff
New Mexico	 Gallup
New Mexico	 Los Lunas
New Mexico	Alamogordo
New Mexico	Albuquerque
New Mexico	Carlsbad
New Mexico	Clovis
New Mexico	Farmington
New Mexico	Hobbs
New Mexico	Las Cruces
New Mexico	Rio Rancho
New Mexico	Roswell
New Mexico	Santa Fe
New Mexico	South Valley
New Mexico	Sunland Park
New York	 Auburn
New York	 Camillus
New York	 East Fishkill
New York	 Evans
New York	 Geddes
New York	 Irondequoit
New York	 Kiryas Joel
New York	 Massapequa Park
New York	 Middletown
New York	 Port Chester
New York	 Saugerties
New York	 Stony Point
New York	Albany
New York	Amsterdam
New York	Babylon (Town)
New York	Batavia City
New York	Bedford
New York	Bethlehem
New York	Binghamton
New York	Blooming Grove
New York	Brighton
New York	Brookhaven
New York	Buffalo
New York	Carmel
New York	Cheektowaga
New York	Chili
New York	Cicero
New York	Clarence
New York	Clarkstown
New York	Clay
New York	Clifton Park
New York	Cohoes
New York	Colonie (Town)
New York	Cortland
New York	Cortlandt
New York	De Witt
New York	Depew
New York	East Greenbush
New York	East Hampton
New York	Eastchester
New York	Elmira City
New York	Fishkill
New York	Floral
New York	Freeport
New York	Garden City
New York	Gates
New York	Glen Cove
New York	Glenville
New York	Gloversville
New York	Grand Island
New York	Greece
New York	Greenburgh
New York	Guilderland
New York	Halfmoon
New York	Hamburg (Town)
New York	Harrison
New York	Haverstraw (Town)
New York	Hempstead
New York	Hempstead (Town)
New York	Henrietta
New York	Hicksville
New York	Horseheads
New York	Huntington
New York	Hyde Park
New York	Irondequoit
New York	Islip
New York	Ithaca
New York	Ithaca
New York	Jamestown
New York	Kenmore
New York	Kingston
New York	La Grange
New York	Lackawanna
New York	Lancaster (Town)
New York	Lancaster Town
New York	Le Ray
New York	Lewiston
New York	Lindenhurst
New York	Lockport
New York	Lockport
New York	Long Beach
New York	Lynbrook
New York	Lysander
New York	Malta
New York	Mamaroneck
New York	Mamaroneck Town
New York	Manlius (Town)
New York	Milton
New York	Mineola
New York	Monroe (Town)
New York	Montgomery
New York	Moreau
New York	Mount Pleasant
New York	Mount Vernon
New York	New Castle
New York	New Hartford
New York	New Rochelle
New York	New Windsor
New York	New York City
New York	Newburgh
New York	Newburgh (Town)
New York	Niagara Falls
New York	Niskayuna
New York	North Hempstead
New York	North Tonawanda
New York	Ogden
New York	Onondaga
New York	Orangetown
New York	Orchard Park
New York	Ossining (Town)
New York	Ossining Village
New York	Oswego
New York	Owego
New York	Oyster Bay
New York	Parma
New York	Peekskill
New York	Penfield
New York	Perinton
New York	Pittsford Town
New York	Plattsburgh
New York	Potsdam Town
New York	Poughkeepsie
New York	Poughkeepsie (Town)
New York	Queensbury
New York	Ramapo
New York	Riverhead
New York	Rochester
New York	Rockville Centre
New York	Rome
New York	Rotterdam
New York	Rye
New York	Rye (Town)
New York	Rye Town
New York	Salina
New York	Saratoga Springs
New York	Scarsdale
New York	Schenectady
New York	Smithtown
New York	Somers
New York	Southampton (Town)
New York	Southeast
New York	Southold
New York	Spring Valley
New York	Sullivan
New York	Syracuse
New York	Troy
New York	Union
New York	Utica
New York	Valley Stream
New York	Wallkill
New York	Wappinger
New York	Warwick (Town)
New York	Watertown
New York	Webster (Town)
New York	West Seneca
New York	Westbury
New York	Wheatfield
New York	White Plains
New York	Whitestown
New York	Wilton
New York	Yorktown
North Carolina	 Boone
North Carolina	 Clemmons
North Carolina	 Eden
North Carolina	 Elizabeth City
North Carolina	 Kinston
North Carolina	 Leland
North Carolina	 Lenoir
North Carolina	 Lexington
North Carolina	 Morganton
North Carolina	 Morrisville
North Carolina	 Pinehurst
North Carolina	 Statesville
North Carolina	 Thomasville
North Carolina	Albemarle
North Carolina	Apex
North Carolina	Asheboro
North Carolina	Asheville
North Carolina	Burlington
North Carolina	Carrboro
North Carolina	Cary
North Carolina	Chapel Hill
North Carolina	Charlotte
North Carolina	Clayton
North Carolina	Concord
North Carolina	Cornelius
North Carolina	Durham
North Carolina	Fayetteville
North Carolina	Fuquay-Varina
North Carolina	Garner
North Carolina	Gastonia
North Carolina	Goldsboro
North Carolina	Greensboro
North Carolina	Greenville
North Carolina	Havelock
North Carolina	Henderson
North Carolina	Hickory
North Carolina	High Point
North Carolina	Holly Springs
North Carolina	Hope Mills
North Carolina	Huntersville
North Carolina	Indian Trail
North Carolina	Jacksonville
North Carolina	Kannapolis
North Carolina	Kernersville
North Carolina	Laurinburg
North Carolina	Lumberton
North Carolina	Matthews
North Carolina	Mint Hill
North Carolina	Monroe
North Carolina	Mooresville
North Carolina	New Bern
North Carolina	Raleigh
North Carolina	Roanoke Rapids
North Carolina	Rocky Mount
North Carolina	Salisbury
North Carolina	Sanford
North Carolina	Shelby
North Carolina	Stallings
North Carolina	Wake Forest
North Carolina	Wilmington
North Carolina	Wilson
North Carolina	Winston-Salem
Ohio	Akron
Ohio	Alliance
Ohio	Ashland
Ohio	Ashtabula
Ohio	Athens
Ohio	Aurora
Ohio	Austintown
Ohio	Avon
Ohio	Barberton
Ohio	Bay Village
Ohio	Beavercreek
Ohio	Berea
Ohio	Boardman
Ohio	Bowling Green
Ohio	Broadview Heights
Ohio	Brook Park
Ohio	Brunswick
Ohio	Canton
Ohio	Centerville
Ohio	Chillicothe
Ohio	Cincinnati
Ohio	Cleveland
Ohio	Cleveland Heights
Ohio	Columbus
Ohio	Concord
Ohio	Cuyahoga Falls
Ohio	Dayton
Ohio	Defiance
Ohio	Delaware
Ohio	Dublin
Ohio	East Cleveland
Ohio	Eastlake
Ohio	Elyria
Ohio	Euclid
Ohio	Fairborn
Ohio	Fairfield
Ohio	Fairview Park
Ohio	Findlay
Ohio	Forest Park
Ohio	Franklin
Ohio	Fremont
Ohio	Gahanna
Ohio	Garfield Heights
Ohio	Green
Ohio	Grove City
Ohio	Hamilton
Ohio	Hilliard
Ohio	Huber Heights
Ohio	Hudson
Ohio	Kent
Ohio	Kettering
Ohio	Lakewood
Ohio	Lancaster
Ohio	Lebanon
Ohio	Liberty
Ohio	Lima
Ohio	Lorain
Ohio	Mansfield
Ohio	Marion
Ohio	Marysville
Ohio	Mason
Ohio	Massillon
Ohio	Mayfield Heights
Ohio	Mentor
Ohio	Miamisburg
Ohio	Middleburg heights
Ohio	Middletown
Ohio	Mifflin
Ohio	Mount Vernon
Ohio	New Philadelphia
Ohio	Newark
Ohio	Niles
Ohio	North Canton
Ohio	North Olmsted
Ohio	North Royalton
Ohio	Norwalk
Ohio	Norwich
Ohio	Norwood
Ohio	Oregon
Ohio	Oxford
Ohio	Painesville
Ohio	Parma
Ohio	Parma Heights
Ohio	Pataskala
Ohio	Perrysburg
Ohio	Pickerington
Ohio	Piqua
Ohio	Plain
Ohio	Portsmouth
Ohio	Reynoldsburg
Ohio	Riverside
Ohio	Rocky River
Ohio	Sandusky
Ohio	Shaker Heights
Ohio	Sidney
Ohio	Solon
Ohio	South Euclid
Ohio	Springboro
Ohio	Springfield
Ohio	Steubenville
Ohio	Stow
Ohio	Streetsboro
Ohio	Strongsville
Ohio	Tallmadge
Ohio	Tiffin
Ohio	Toledo
Ohio	Trotwood
Ohio	Troy
Ohio	Twinsburg
Ohio	Union
Ohio	Upper Arlington
Ohio	Vandalia
Ohio	Wadsworth
Ohio	Warren
Ohio	West Chester
Ohio	Westerville
Ohio	Westlake
Ohio	White Oak
Ohio	Whitehall
Ohio	Willoughby and Maple Heights
Ohio	Wooster
Ohio	Xenia
Ohio	Youngstown
Ohio	Zanesville
Oklahoma	 Ada
Oklahoma	 Altus
Oklahoma	 Bethany
Oklahoma	 Durant
Oklahoma	 El Reno
Oklahoma	 McAlester
Oklahoma	 Tahlequah
Oklahoma	Ardmore
Oklahoma	Bartlesville
Oklahoma	Bixby
Oklahoma	Broken Arrow
Oklahoma	Chickasha
Oklahoma	Claremore
Oklahoma	Del City
Oklahoma	Duncan
Oklahoma	Edmond
Oklahoma	Enid
Oklahoma	Jenks
Oklahoma	Lawton
Oklahoma	Midwest City
Oklahoma	Moore
Oklahoma	Muskogee
Oklahoma	Mustang
Oklahoma	Norman
Oklahoma	Oklahoma City
Oklahoma	Owasso
Oklahoma	Ponca
Oklahoma	Sand Springs
Oklahoma	Sapulpa
Oklahoma	Shawnee
Oklahoma	Stillwater
Oklahoma	Tulsa
Oklahoma	Yukon
Oregon	 Canby
Oregon	 Cedar Mill
Oregon	 Forest Grove
Oregon	 The Dalles
Oregon	 Tualatin
Oregon	 West Linn
Oregon	 Woodburn
Oregon	Albany
Oregon	Aloha
Oregon	Altamont
Oregon	Ashland
Oregon	Beaverton
Oregon	Bend
Oregon	Bethany
Oregon	Central Point
Oregon	Coos Bay
Oregon	Corvallis
Oregon	Dallas
Oregon	Eugene
Oregon	Four Corners
Oregon	Grants Pass
Oregon	Gresham
Oregon	Happy Valley
Oregon	Hayesville
Oregon	Hermiston
Oregon	Hillsboro
Oregon	Keizer
Oregon	Klamath Falls
Oregon	Lake Oswego
Oregon	Lebanon
Oregon	McMinnville
Oregon	Medford
Oregon	Milwaukie
Oregon	Newberg
Oregon	Oregon City
Oregon	Pendleton
Oregon	Portland
Oregon	Redmond
Oregon	Roseburg
Oregon	Salem
Oregon	Sherwood
Oregon	Springfield
Oregon	Tigard
Oregon	Troutdale
Oregon	Wilsonville
Pennsylvania	 Bethlehem
Pennsylvania	 Bethlehem
Pennsylvania	 Carlisle
Pennsylvania	 Chestnuthill
Pennsylvania	 Derry
Pennsylvania	 Dover
Pennsylvania	 East Hempfield
Pennsylvania	 Exeter
Pennsylvania	 Harborcreek
Pennsylvania	 Hatfield
Pennsylvania	 Hazleton
Pennsylvania	 Horsham
Pennsylvania	 Johnstown
Pennsylvania	 Lancaster
Pennsylvania	 Limerick
Pennsylvania	 Lower Providence
Pennsylvania	 Manor
Pennsylvania	 Marple
Pennsylvania	 Montgomery
Pennsylvania	 Muhlenberg
Pennsylvania	 Murrysville
Pennsylvania	 New Castle
Pennsylvania	 Palmer
Pennsylvania	 Penn
Pennsylvania	 Phoenixville
Pennsylvania	 Silver Spring
Pennsylvania	 Springfield
Pennsylvania	 Springfield
Pennsylvania	 Stroud
Pennsylvania	 Swatara
Pennsylvania	 Towamencin
Pennsylvania	 Upper Moreland
Pennsylvania	 Upper Providence
Pennsylvania	 Upper St. Clair
Pennsylvania	 West Goshen
Pennsylvania	 West Manchester
Pennsylvania	 West Mifflin
Pennsylvania	 West Whiteland
Pennsylvania	 Whitemarsh
Pennsylvania	 Whitpain
Pennsylvania	Abington
Pennsylvania	Allentown
Pennsylvania	Altoona
Pennsylvania	Antrim
Pennsylvania	Aston
Pennsylvania	Baldwin Borough
Pennsylvania	Bensalem
Pennsylvania	Bethel Park
Pennsylvania	Bethlehem
Pennsylvania	Bristol
Pennsylvania	Buckingham
Pennsylvania	Butler
Pennsylvania	Chambersburg
Pennsylvania	Cheltenham
Pennsylvania	Chester
Pennsylvania	Coolbaugh
Pennsylvania	Cranberry
Pennsylvania	Cumru
Pennsylvania	Doylestown
Pennsylvania	East Goshen
Pennsylvania	East Lampeter
Pennsylvania	East Pennsboro
Pennsylvania	Easton
Pennsylvania	Erie
Pennsylvania	Fairview
Pennsylvania	Falls
Pennsylvania	Ferguson Township
Pennsylvania	Forks
Pennsylvania	Greene
Pennsylvania	Hampden
Pennsylvania	Hampton
Pennsylvania	Hanover
Pennsylvania	Harrisburg
Pennsylvania	Haverford
Pennsylvania	Hempfield
Pennsylvania	Hermitage
Pennsylvania	Hilltown
Pennsylvania	Lancaster
Pennsylvania	Lansdale
Pennsylvania	Lebanon
Pennsylvania	Lower Allen
Pennsylvania	Lower Macungie
Pennsylvania	Lower Makefield
Pennsylvania	Lower Merion
Pennsylvania	Lower Paxton
Pennsylvania	Lower Salford
Pennsylvania	Lower Southampton
Pennsylvania	Manchester
Pennsylvania	Manheim
Pennsylvania	McCandless
Pennsylvania	McKeesport
Pennsylvania	Middle Smithfield
Pennsylvania	Middletown
Pennsylvania	Middletown
Pennsylvania	Millcreek
Pennsylvania	Monroeville
Pennsylvania	Moon
Pennsylvania	Newberry
Pennsylvania	Newtown
Pennsylvania	Norristown
Pennsylvania	North Huntingdon
Pennsylvania	North Whitehall
Pennsylvania	Northampton
Pennsylvania	Patton
Pennsylvania	Penn Hills
Pennsylvania	Penn Township
Pennsylvania	Peters
Pennsylvania	Philadelphia
Pennsylvania	Pittsburgh
Pennsylvania	Plum Borough
Pennsylvania	Plymouth
Pennsylvania	Pottstown
Pennsylvania	Radnor
Pennsylvania	Reading
Pennsylvania	Ridley
Pennsylvania	Ross
Pennsylvania	Scott
Pennsylvania	Scranton
Pennsylvania	Shaler
Pennsylvania	South Fayette
Pennsylvania	South Middleton
Pennsylvania	South Whitehall
Pennsylvania	Spring Township
Pennsylvania	Springettsbury
Pennsylvania	State College
Pennsylvania	Susquehanna
Pennsylvania	Tredyffrin
Pennsylvania	Unity
Pennsylvania	Upper Allen
Pennsylvania	Upper Chichester
Pennsylvania	Upper Darby
Pennsylvania	Upper Dublin
Pennsylvania	Upper Gwynedd
Pennsylvania	Upper Macungie
Pennsylvania	Upper Merion
Pennsylvania	Upper Saucon
Pennsylvania	Upper Southampton
Pennsylvania	Uwchlan
Pennsylvania	Warminster
Pennsylvania	Warrington
Pennsylvania	Warwick
Pennsylvania	West Chester
Pennsylvania	West Hempfield
Pennsylvania	West Lampeter
Pennsylvania	West Norriton
Pennsylvania	White Township
Pennsylvania	Whitehall
Pennsylvania	Wilkes-Barre
Pennsylvania	Wilkinsburg
Pennsylvania	Williamsport
Pennsylvania	Windsor
Pennsylvania	York Township
South Carolina	 Conway
South Carolina	 Greer
South Carolina	 North Myrtle Beach
South Carolina	 St. Andrews
South Carolina	Aiken
South Carolina	Anderson
South Carolina	Bluffton
South Carolina	Charleston
South Carolina	Clemson
South Carolina	Columbia
South Carolina	Easley
South Carolina	Five Forks
South Carolina	Florence
South Carolina	Goose Creek
South Carolina	Greenville
South Carolina	Greenwood
South Carolina	Hanahan
South Carolina	Hilton Head Island
South Carolina	Ladson
South Carolina	Lexington
South Carolina	Mauldin
South Carolina	Mount Pleasant
South Carolina	Myrtle Beach
South Carolina	North Augusta
South Carolina	North Charleston
South Carolina	Rock Hill
South Carolina	Seven Oaks
South Carolina	Simpsonville
South Carolina	Socastee
South Carolina	Spartanburg
South Carolina	Summerville
South Carolina	Sumter
South Carolina	Taylors
South Carolina	Wade Hampton
South Carolina	West Columbia
South Dakota	Aberdeen
South Dakota	Brookings
South Dakota	Mitchell
South Dakota	Rapid City
South Dakota	Sioux Falls
South Dakota	Watertown
Tennessee	 Bristol
Tennessee	 Dickson
Tennessee	 Farragut
Tennessee	 Greeneville
Tennessee	Bartlett
Tennessee	Brentwood
Tennessee	Chattanooga
Tennessee	Clarksville
Tennessee	Cleveland
Tennessee	Collierville
Tennessee	Columbia
Tennessee	Cookeville
Tennessee	Dyersburg
Tennessee	East Ridge
Tennessee	Franklin
Tennessee	Gallatin
Tennessee	Goodlettsville
Tennessee	Hendersonville
Tennessee	Jackson
Tennessee	Johnson City
Tennessee	Kingsport
Tennessee	Knoxville
Tennessee	La Vergne
Tennessee	Lebanon
Tennessee	Maryville
Tennessee	Memphis
Tennessee	Morristown
Tennessee	Mount Juliet
Tennessee	Murfreesboro
Tennessee	Nashville
Tennessee	Oak Ridge
Tennessee	Sevierville
Tennessee	Shelbyville
Tennessee	Smyrna
Tennessee	Spring Hill
Tennessee	Springfield
Tennessee	Tullahoma
Texas	 Forney
Texas	 Gatesville
Texas	 Greenville
Texas	 Marshall
Texas	 Paris
Texas	Abilene
Texas	Addison
Texas	Alamo
Texas	Aldine
Texas	Alice
Texas	Allen
Texas	Alton
Texas	Alvin
Texas	Amarillo
Texas	Angleton
Texas	Arlington
Texas	Atascocita
Texas	Austin
Texas	Balch Springs
Texas	Bay
Texas	Baytown
Texas	Beaumont
Texas	Bedford
Texas	Bellaire
Texas	Belton
Texas	Benbrook
Texas	Big Spring
Texas	Brenham
Texas	Brownsville
Texas	Brownwood
Texas	Brushy Creek
Texas	Bryan
Texas	Burleson
Texas	Canyon Lake
Texas	Carrollton
Texas	Cedar Park
Texas	Channelview
Texas	Cibolo
Texas	Cinco Ranch
Texas	Cleburne
Texas	Cloverleaf
Texas	College Station
Texas	Colleyville
Texas	Conroe
Texas	Converse
Texas	Coppell
Texas	Copperas Cove
Texas	Corinth
Texas	Corpus Christi
Texas	Corsicana
Texas	Dallas
Texas	Deer Park
Texas	Del Rio
Texas	Denison
Texas	Denton
Texas	Dickinson
Texas	Donna
Texas	Dumas
Texas	Duncanville
Texas	Eagle Pass
Texas	Edinburg
Texas	El Paso
Texas	Ennis
Texas	Flower Mound
Texas	Fort Hood
Texas	Fort Worth
Texas	Fresno
Texas	Friendswood
Texas	Gainesville
Texas	Galveston
Texas	Garland
Texas	Georgetown
Texas	Grand Prairie
Texas	Grapevine
Texas	Groves
Texas	Haltom City
Texas	Harker Heights
Texas	Harlingen
Texas	Hereford
Texas	Highland
Texas	Horizon
Texas	Houston
Texas	Humble
Texas	Huntsville
Texas	Hurst
Texas	Hutto
Texas	Irving
Texas	Katy
Texas	Keller
Texas	Kerrville
Texas	Killeen
Texas	Kingsville
Texas	Kyle
Texas	La Marque
Texas	La Porte
Texas	Lake Jackson
Texas	Lancaster
Texas	Laredo
Texas	League City
Texas	Leander
Texas	Lewisville
Texas	Little Elm
Texas	Live Oak
Texas	Longview
Texas	Lubbock
Texas	Lufkin
Texas	Mansfield
Texas	McAllen
Texas	McKinney
Texas	Mercedes
Texas	Midland
Texas	Midlothian
Texas	Mission
Texas	Mission Bend
Texas	Missouri City
Texas	Mount Pleasant
Texas	Murphy
Texas	Nacogdoches
Texas	Nederland
Texas	New Braunfels
Texas	New Territory
Texas	North Richland Hills
Texas	Odessa
Texas	Orange
Texas	Palestine
Texas	Pampa
Texas	Pasadena
Texas	Pearland
Texas	Pecan Grove
Texas	Pharr
Texas	Plainview
Texas	Plano
Texas	Port Arthur
Texas	Portland
Texas	Prosper
Texas	Richardson
Texas	Rockwall
Texas	Rosenberg
Texas	Round Rock
Texas	Rowlett
Texas	Sachse
Texas	Saginaw
Texas	San Angelo
Texas	San Antonio
Texas	San Benito
Texas	San Juan
Texas	San Marcos
Texas	Schertz
Texas	Seagoville
Texas	Seguin
Texas	Sherman
Texas	Sienna Plantation
Texas	Socorro
Texas	South Houston
Texas	Southlake
Texas	Spring
Texas	Stafford
Texas	Stephenville
Texas	Sugar Land
Texas	Sulphur Springs
Texas	Taylor
Texas	Temple
Texas	Terrell
Texas	Texarkana
Texas	Texas City
Texas	The Colony
Texas	The Woodlands
Texas	Timberwood Park
Texas	Tyler
Texas	Universal
Texas	University Park
Texas	Uvalde
Texas	Victoria
Texas	Waco
Texas	Watauga
Texas	Waxahachie
Texas	Weatherford
Texas	Weslaco
Texas	West Odessa
Texas	West University Place
Texas	White Settlement
Texas	Wichita Falls
Texas	Wylie
Virginia	 Bon Air
Virginia	 Burke
Virginia	 Cherry Hill
Virginia	 Colonial Heights
Virginia	 Fort Hunt
Virginia	 Glen Allen
Virginia	 Great Falls
Virginia	 Groveton
Virginia	 Highland Springs
Virginia	 Hopewell
Virginia	 Hybla Valley
Virginia	 Lincolnia
Virginia	 Lorton
Virginia	 Merrifield
Virginia	 Rose Hill
Virginia	 Vienna
Virginia	 Woodlawn
Virginia	Alexandria
Virginia	Annandale
Virginia	Arlington
Virginia	Ashburn
Virginia	Bailey's Crossroads
Virginia	Blacksburg
Virginia	Bristol
Virginia	Buckhall
Virginia	Burke
Virginia	Cave Spring
Virginia	Centreville
Virginia	Chantilly
Virginia	Charlottesville
Virginia	Chesapeake
Virginia	Chester
Virginia	Christiansburg
Virginia	Culpeper
Virginia	Dale City
Virginia	Danville
Virginia	Fair Oaks
Virginia	Fairfax
Virginia	Franconia
Virginia	Franklin Farm
Virginia	Fredericksburg
Virginia	Front Royal
Virginia	Hampton
Virginia	Harrisonburg
Virginia	Herndon 
Virginia	Idylwood
Virginia	Kingstowne
Virginia	Lake Ridge
Virginia	Laurel
Virginia	Leesburg
Virginia	Linton Hall
Virginia	Lynchburg
Virginia	Manassas
Virginia	Manassas Park
Virginia	Marumsco
Virginia	McLean
Virginia	McNair
Virginia	Meadowbrook
Virginia	Mechanicsville
Virginia	Montclair
Virginia	Newport News
Virginia	Norfolk
Virginia	Oakton
Virginia	Petersburg
Virginia	Portsmouth
Virginia	Radford
Virginia	Reston
Virginia	Richmond
Virginia	Roanoke
Virginia	Salem
Virginia	Short Pump
Virginia	South Riding
Virginia	Springfield
Virginia	Staunton
Virginia	Sterling
Virginia	Sudley
Virginia	Suffolk
Virginia	Tuckahoe
Virginia	Tysons Corner
Virginia	Virginia Beach
Virginia	Waynesboro
Virginia	West Falls Church
Virginia	West Springfield
Virginia	Williamsburg
Virginia	Winchester
Virginia	Wolf Trap
Washington	 Aberdeen
Washington	 Anacortes
Washington	 Bainbridge Island
Washington	 Battle Ground
Washington	 Bonney Lake
Washington	 Camano
Washington	 Camas
Washington	 Centralia
Washington	 Cottage Lake
Washington	 Eastmont
Washington	 Ellensburg
Washington	 Five Corners
Washington	 Frederickson
Washington	 Hazel Dell
Washington	 Kenmore
Washington	 Mill Creek
Washington	 Monroe
Washington	 Mountlake Terrace
Washington	 Mukilteo
Washington	 North Lynnwood
Washington	 Silver Firs
Washington	 Silverdale
Washington	 Sunnyside
Washington	 Tumwater
Washington	 Union Hill-Novelty Hill
Washington	Arlington
Washington	Auburn
Washington	Bellevue
Washington	Bellingham
Washington	Bothell
Washington	Bothell West
Washington	Bremerton
Washington	Bryn Mawr-Skyway
Washington	Burien
Washington	Covington
Washington	Des Moines
Washington	Edmonds
Washington	Everett
Washington	Fairwood
Washington	Federal Way
Washington	Graham
Washington	Issaquah
Washington	Kennewick
Washington	Kent
Washington	Kirkland
Washington	Lacey
Washington	Lake Stevens
Washington	Lakewood
Washington	Longview
Washington	Lynnwood
Washington	Maple Valley
Washington	Martha Lake
Washington	Marysville
Washington	Mercer Island
Washington	Mill Creek East
Washington	Moses Lake
Washington	Mount Vernon
Washington	Oak Harbor
Washington	Olympia
Washington	Orchards
Washington	Parkland
Washington	Pasco
Washington	Port Angeles
Washington	Pullman
Washington	Puyallup
Washington	Redmond
Washington	Renton
Washington	Richland
Washington	Salmon Creek
Washington	Sammamish
Washington	SeaTac
Washington	Seattle
Washington	Shoreline
Washington	South Hill
Washington	Spanaway
Washington	Spokane
Washington	Spokane Valley
Washington	Tacoma
Washington	Tukwila
Washington	University Place
Washington	Vancouver
Washington	Walla Walla
Washington	Washougal
Washington	Wenatchee
Washington	Yakima
Wisconsin	 Ashwaubenon
Wisconsin	 Beaver Dam
Wisconsin	 Bellevue
Wisconsin	 Cudahy
Wisconsin	 De Pere
Wisconsin	 Kaukauna
Wisconsin	 Marshfield
Wisconsin	 Menasha
Wisconsin	 Menasha
Wisconsin	 Menomonie
Wisconsin	 Mequon
Wisconsin	 Middleton
Wisconsin	 Neenah
Wisconsin	 Oconomowoc
Wisconsin	 Onalaska
Wisconsin	 South Milwaukee
Wisconsin	 Stevens Point
Wisconsin	 Watertown
Wisconsin	Appleton
Wisconsin	Beloit
Wisconsin	Brookfield
Wisconsin	Caledonia
Wisconsin	Eau Claire
Wisconsin	Fitchburg
Wisconsin	Fond du Lac
Wisconsin	Franklin
Wisconsin	Germantown
Wisconsin	Grand Chute
Wisconsin	Green Bay
Wisconsin	Greenfield
Wisconsin	Howard
Wisconsin	Janesville
Wisconsin	Kenosha
Wisconsin	La Crosse
Wisconsin	Madison
Wisconsin	Manitowoc
Wisconsin	Menomonee Falls
Wisconsin	Milwaukee
Wisconsin	Mount Pleasant
Wisconsin	Muskego
Wisconsin	New Berlin
Wisconsin	Oak Creek
Wisconsin	Oshkosh
Wisconsin	Pleasant Prairie
Wisconsin	Racine
Wisconsin	Sheboygan
Wisconsin	Sun Prairie
Wisconsin	Superior City
Wisconsin	Waukesha
Wisconsin	Wausau
Wisconsin	Wauwatosa
Wisconsin	West Allis
Wisconsin	West Bend
Wisconsin	Weston
Wisconsin	Wisconsin Rapids
	
	
	
	
	
	
	
